group,routeHash,routePreview,firstEdge,lastEdge,edgeCount,vehicleCount,meanPredDuration,meanTruthDuration,bias,MAE,RMSE,medianAbsError,p90AbsError,p95AbsError,maxAbsError,underCount,overCount,underCliffCount,overCliffCount,underNearCliffCount,overNearCliffCount,severeAbsErrorGt1000Count,topAbsErrorVehicleID,topAbsErrorPredDuration,topAbsErrorTruthDuration,topAbsErrorSignedError,departMin,departMax,exposedModifiedSignals,modifiedSignalExposureRate
oversat_all,7a1449444338,-E3 -> -E15 -> -E16 -> -E17,-E3,-E17,4,334,95.05089820359281,1758.6077844311378,-1663.556886227545,1663.8562874251497,2016.9342909801837,1657.0,3220.0,3470.0,4567.0,320,13,246,0,249,0,232,oversat_all_veh_004825,124.0,4691.0,-4567.0,58000.0,67990.0,,0.0
oversat_all,55e9af98fb6e,-E4 -> -E15 -> -E16 -> -E18,-E4,-E18,4,334,72.90718562874251,1495.6646706586826,-1422.7574850299402,1422.7574850299402,2636.614077451073,475.0,6030.0,7375.0,8240.0,334,0,67,0,133,0,65,oversat_all_veh_002607,44.0,8284.0,-8240.0,58000.0,67990.0,,0.0
oversat_all,160fb44579b4,-E5 -> -E13 -> E12 -> -E11 -> -E18,-E5,-E18,5,334,215.67365269461078,1501.4520958083833,-1285.7784431137725,1285.7964071856288,1571.4086666442915,1130.5,2629.0,2874.0,3435.0,332,2,208,0,263,0,182,oversat_all_veh_002521,218.0,3653.0,-3435.0,58000.0,67990.0,J17;J21;J22,1.0
oversat_all,1acb8cba4d57,-E2 -> -E13 -> E12 -> -E11 -> -E17,-E2,-E17,5,334,149.99401197604791,1149.7095808383233,-999.7155688622754,999.7155688622754,1423.281092708772,429.0,2614.0,2942.0,3817.0,334,0,135,0,165,0,120,oversat_all_veh_001246,150.0,3967.0,-3817.0,58000.0,67990.0,J17;J21;J22,1.0
oversat_all,346fa50c7560,-E19 -> -E16 -> E11 -> -E10,-E19,-E10,4,334,85.0688622754491,996.8892215568862,-911.8203592814372,911.8203592814372,996.16626501047,848.0,1572.0,1687.0,2000.0,334,0,197,0,297,0,100,oversat_all_veh_006347,85.0,2085.0,-2000.0,58000.0,67990.0,J17,1.0
oversat_all,11c3be71c875,-E19 -> -E16 -> -E17,-E19,-E17,3,334,76.10479041916167,696.251497005988,-620.1467065868263,620.1467065868263,725.4157820768911,544.0,1265.0,1358.0,1686.0,334,0,94,0,173,0,60,oversat_all_veh_006385,47.0,1733.0,-1686.0,58000.0,67990.0,,0.0
oversat_all,11b6fa0ab926,E10 -> -E12 -> E13 -> E5,E10,E5,4,334,799.6167664670659,201.2994011976048,598.3173652694611,610.3473053892216,909.329117049362,192.5,1687.0,1714.0,1743.0,30,304,0,109,0,117,102,oversat_all_veh_002590,1851.0,108.0,1743.0,58000.0,67990.0,J17;J21;J22,1.0
oversat_all,bb0c3598f044,-E19 -> E15 -> E4,-E19,E4,3,334,647.4011976047905,84.8443113772455,562.556886227545,562.6646706586827,664.2876198727232,824.0,900.0,906.0,988.0,4,328,0,169,0,197,0,oversat_all_veh_009338,1043.0,55.0,988.0,58000.0,67990.0,,0.0
oversat_all,a9fb59fe185d,-E2 -> -E13 -> -E14,-E2,-E14,3,334,65.88922155688623,589.6706586826348,-523.7814371257485,523.7814371257485,777.0550096511521,142.5,1355.0,1627.0,2751.0,333,0,97,0,130,0,70,oversat_all_veh_001285,37.0,2788.0,-2751.0,58000.0,67990.0,J21;J22,1.0
ALL,7a1449444338,-E3 -> -E15 -> -E16 -> -E17,-E3,-E17,4,1097,86.62989972652689,595.5205104831358,-508.8906107566089,509.4412032816773,1112.939731906027,5.0,2368.0,2827.0,4567.0,923,99,246,0,249,0,232,oversat_all_veh_004825,124.0,4691.0,-4567.0,0.0,115990.0,,0.0
oversat_all,529f6a3ed00c,E9 -> -E12 -> E20 -> E15 -> -E0 -> E5,E9,E5,6,334,140.98203592814372,647.0059880239521,-506.0239520958084,506.0239520958084,759.0644178323482,310.5,1256.0,1897.0,2633.0,334,0,68,0,85,0,54,oversat_all_veh_001641,112.0,2745.0,-2633.0,58000.0,67990.0,J17;J21;J22,1.0
oversat_all,0fc76bc3c2fc,-E2 -> -E13 -> E20 -> E19,-E2,E19,4,334,151.9760479041916,654.2185628742515,-502.24251497005986,502.24251497005986,750.4984032584034,149.5,1299.0,1630.0,2792.0,334,0,99,0,132,0,67,oversat_all_veh_001329,181.0,2973.0,-2792.0,58000.0,67990.0,J21;J22,1.0
oversat_all,e3621f02f2a0,-E5 -> -E13 -> -E14,-E5,-E14,3,334,92.81736526946108,548.5748502994012,-455.75748502994014,455.7634730538922,569.1761116805451,330.0,962.0,1232.0,1513.0,332,1,58,0,95,0,31,oversat_all_veh_002847,64.0,1577.0,-1513.0,58000.0,67990.0,J21;J22,1.0
ALL,55e9af98fb6e,-E4 -> -E15 -> -E16 -> -E18,-E4,-E18,4,1097,72.29808568824066,510.98541476754787,-438.6873290793072,438.6873290793072,1454.8984433289816,7.0,573.0,3155.0,8240.0,1097,0,67,0,133,0,65,oversat_all_veh_002607,44.0,8284.0,-8240.0,0.0,103990.0,,0.0
oversat_all,209c0f416794,E17 -> E11 -> -E12 -> E13 -> E5,E17,E5,5,334,241.64970059880238,671.2874251497007,-429.6377245508982,429.6377245508982,498.7839013435788,344.5,796.0,881.0,1059.0,334,0,76,0,159,0,5,oversat_all_veh_004264,239.0,1298.0,-1059.0,58000.0,67990.0,J17;J21;J22,1.0
oversat_all,3b4ce934fe24,E17 -> E11 -> -E12 -> -E14,E17,-E14,4,334,168.95209580838323,567.314371257485,-398.3622754491018,398.3622754491018,450.82958462290105,367.0,706.0,793.0,958.0,334,0,32,0,135,0,0,oversat_all_veh_004263,140.0,1098.0,-958.0,58000.0,67990.0,J17;J21,1.0
oversat_all,9ad069c9b349,E9 -> -E12 -> E13 -> E5,E9,E5,4,334,156.03293413173654,535.3473053892216,-379.31437125748505,379.31437125748505,532.5071391947841,284.5,930.0,1103.0,1900.0,334,0,64,0,87,0,21,oversat_all_veh_001970,183.0,2083.0,-1900.0,58000.0,67990.0,J17;J21;J22,1.0
oversat_all,91530330da2b,-E4 -> -E0 -> -E13 -> -E14,-E4,-E14,4,334,177.81437125748502,549.3353293413173,-371.52095808383234,371.52694610778445,521.0973336505614,269.0,1086.0,1203.0,1460.0,333,1,54,0,80,0,46,oversat_all_veh_003467,149.0,1609.0,-1460.0,58000.0,67990.0,J21;J22,1.0
oversat_all,a8e523103c04,-E3 -> -E0 -> -E13 -> -E14,-E3,-E14,4,334,147.91017964071855,516.9640718562874,-369.05389221556885,369.05389221556885,606.8243686366407,123.0,1033.0,1615.0,1981.0,333,0,58,0,96,0,37,oversat_all_veh_003514,120.0,2101.0,-1981.0,58000.0,67990.0,J21;J22,1.0
oversat_all,8fec84d97ae3,-E5 -> -E13 -> E20 -> E19,-E5,E19,4,334,209.0868263473054,568.188622754491,-359.10179640718565,359.1616766467066,476.5210628642698,227.5,827.0,988.0,1436.0,332,2,63,0,94,0,16,oversat_all_veh_002850,238.0,1674.0,-1436.0,58000.0,67990.0,J21;J22,1.0
ALL,160fb44579b4,-E5 -> -E13 -> E12 -> -E11 -> -E18,-E5,-E18,5,1223,205.448896156991,561.0719542109566,-355.6230580539657,355.6852003270646,821.2433800577235,6.0,1611.0,2230.0,3435.0,1179,22,208,0,263,0,182,oversat_all_veh_002521,218.0,3653.0,-3435.0,0.0,103990.0,J17;J21;J22,1.0
oversat_all,09ec625f32b1,E9 -> -E12 -> -E14,E9,-E14,3,334,57.032934131736525,410.44610778443115,-353.41317365269464,353.41317365269464,464.7631680708031,283.5,735.0,924.0,1701.0,334,0,24,0,74,0,12,oversat_all_veh_001972,86.0,1787.0,-1701.0,58000.0,67990.0,J17;J21,1.0
oversat_all,5706b7fad304,E10 -> -E11 -> E16 -> E19,E10,E19,4,334,135.90718562874252,481.5688622754491,-345.6616766467066,345.6616766467066,377.26212317278595,356.5,541.0,593.0,758.0,334,0,0,0,88,0,0,oversat_all_veh_007509,107.0,865.0,-758.0,58000.0,67990.0,J17,1.0
ALL,1acb8cba4d57,-E2 -> -E13 -> E12 -> -E11 -> -E17,-E2,-E17,5,1223,150.45134914145544,458.61161079313166,-308.1602616516762,308.1602616516762,746.5777412928605,90.0,904.0,2189.0,3817.0,1222,0,135,0,165,0,120,oversat_all_veh_001246,150.0,3967.0,-3817.0,0.0,91990.0,J17;J21;J22,1.0
oversat_all,8522097d81df,E17 -> E11 -> -E10,E17,-E10,3,334,110.64071856287426,406.73353293413174,-296.0928143712575,296.0928143712575,338.9212677724769,237.0,518.0,602.0,913.0,334,0,1,0,40,0,0,oversat_all_veh_002580,135.0,1048.0,-913.0,58000.0,67990.0,J17,1.0
southwest_bottleneck,4130f8916f02,E18 -> E11 -> -E12 -> E13 -> E5,E18,E5,5,334,148.89820359281438,442.0658682634731,-293.16766467065867,293.16766467065867,302.5912343241627,305.5,368.0,407.0,440.0,334,0,0,0,0,0,0,southwest_bottleneck_veh_002068,120.0,560.0,-440.0,118000.0,127990.0,J17;J21;J22,1.0
oversat_all,4130f8916f02,E18 -> E11 -> -E12 -> E13 -> E5,E18,E5,5,334,420.0688622754491,668.1107784431138,-248.04191616766468,292.4251497005988,492.3416368997748,111.5,978.0,1236.0,1676.0,218,116,34,0,69,0,31,oversat_all_veh_003112,502.0,2178.0,-1676.0,58000.0,67990.0,J17;J21;J22,1.0
southwest_bottleneck,bc9c2e0fd984,E18 -> E11 -> -E12 -> -E14,E18,-E14,4,334,140.89820359281438,426.0928143712575,-285.1946107784431,285.1946107784431,296.7575322281336,298.5,362.0,408.0,507.0,334,0,0,0,1,0,0,southwest_bottleneck_veh_002067,112.0,619.0,-507.0,118000.0,127990.0,J17;J21,1.0
ALL,346fa50c7560,-E19 -> -E16 -> E11 -> -E10,-E19,-E10,4,1097,80.21330902461258,364.9361896080219,-284.7228805834093,284.7228805834093,549.9525139026621,8.0,960.0,1403.0,2000.0,1097,0,197,0,297,0,100,oversat_all_veh_006347,85.0,2085.0,-2000.0,0.0,115990.0,J17,1.0
west_bottleneck,5706b7fad304,E10 -> -E11 -> E16 -> E19,E10,E19,4,334,136.0868263473054,417.4820359281437,-281.3952095808383,281.3952095808383,308.11147760953423,270.5,452.0,501.0,687.0,334,0,0,0,35,0,0,west_bottleneck_veh_000591,107.0,794.0,-687.0,70000.0,79990.0,J17,1.0
oversat_all,36e8623f4e0a,E10 -> -E11 -> E16 -> E15 -> E4,E10,E4,5,334,228.78443113772454,490.5808383233533,-261.79640718562877,266.4251497005988,308.60523588683077,267.0,463.0,519.0,730.0,320,13,1,0,103,0,0,oversat_all_veh_003904,228.0,958.0,-730.0,58000.0,67990.0,J17,1.0
oversat_all,1018953d2ddc,-E3 -> -E0 -> E2,-E3,E2,3,334,103.08682634730539,368.6467065868263,-265.55988023952096,265.55988023952096,475.7680553746437,96.0,794.0,1378.0,1809.0,334,0,31,0,65,0,22,oversat_all_veh_003553,74.0,1883.0,-1809.0,58000.0,67990.0,J22,1.0
west_bottleneck,36e8623f4e0a,E10 -> -E11 -> E16 -> E15 -> E4,E10,E4,5,334,145.062874251497,408.79041916167665,-263.72754491017963,263.72754491017963,290.8345672525569,238.0,440.0,479.0,586.0,334,0,0,0,35,0,0,west_bottleneck_veh_000594,116.0,702.0,-586.0,70000.0,79990.0,J17,1.0
oversat_all,bc9c2e0fd984,E18 -> E11 -> -E12 -> -E14,E18,-E14,4,334,341.3862275449102,578.8652694610779,-237.47904191616766,252.79041916167665,452.6035329997241,71.0,886.0,1143.0,1621.0,239,94,30,0,61,0,28,oversat_all_veh_000733,201.0,1822.0,-1621.0,58000.0,67990.0,J17;J21,1.0
oversat_all,e6c16ff10116,-E4 -> -E0 -> E2,-E4,E2,3,334,74.89820359281437,310.5988023952096,-235.7005988023952,235.7005988023952,347.31021181867504,187.0,540.0,996.0,1158.0,334,0,22,0,33,0,16,oversat_all_veh_004248,104.0,1262.0,-1158.0,58000.0,67990.0,J22,1.0
oversat_all,11815a0a0294,E10 -> -E11 -> -E17,E10,-E17,3,334,92.88922155688623,316.2065868263473,-223.31736526946108,223.31736526946108,258.46516113580583,211.0,410.0,463.0,554.0,334,0,0,0,3,0,0,oversat_all_veh_007593,93.0,647.0,-554.0,58000.0,67990.0,J17,1.0
southwest_bottleneck,209c0f416794,E17 -> E11 -> -E12 -> E13 -> E5,E17,E5,5,334,176.0868263473054,385.65269461077844,-209.56586826347305,209.56586826347305,216.55052237876262,213.0,269.0,304.0,339.0,334,0,0,0,0,0,0,southwest_bottleneck_veh_001944,147.0,486.0,-339.0,118000.0,127990.0,J17;J21;J22,1.0
southwest_bottleneck,3b4ce934fe24,E17 -> E11 -> -E12 -> -E14,E17,-E14,4,334,168.0868263473054,373.97305389221555,-205.88622754491018,205.88622754491018,212.92375852898095,213.5,255.0,296.0,334.0,334,0,0,0,0,0,0,southwest_bottleneck_veh_000695,139.0,473.0,-334.0,118000.0,127990.0,J17;J21,1.0
ALL,209c0f416794,E17 -> E11 -> -E12 -> E13 -> E5,E17,E5,5,1097,200.8359161349134,401.9270738377393,-201.09115770282588,201.09115770282588,300.87934480057083,184.0,544.0,715.0,1059.0,1097,0,76,0,159,0,5,oversat_all_veh_004264,239.0,1298.0,-1059.0,0.0,127990.0,J17;J21;J22,1.0
ALL,11c3be71c875,-E19 -> -E16 -> -E17,-E19,-E17,3,1097,75.25797629899726,266.18231540565176,-190.92433910665451,191.9270738377393,400.3679938979019,5.0,712.0,1042.0,1686.0,746,286,94,0,173,0,60,oversat_all_veh_006385,47.0,1733.0,-1686.0,0.0,115990.0,,0.0
southwest_bottleneck,8522097d81df,E17 -> E11 -> -E10,E17,-E10,3,334,106.08682634730539,294.7544910179641,-188.6676646706587,188.6676646706587,195.62582669948333,191.5,246.0,249.0,295.0,334,0,0,0,0,0,0,southwest_bottleneck_veh_001693,106.0,401.0,-295.0,118000.0,127990.0,J17,1.0
ALL,3b4ce934fe24,E17 -> E11 -> -E12 -> -E14,E17,-E14,4,1097,172.359161349134,360.0173199635369,-187.6581586144029,187.6581586144029,275.4058760012344,185.0,488.0,616.0,958.0,1096,0,32,0,135,0,0,oversat_all_veh_004263,140.0,1098.0,-958.0,0.0,127990.0,J17;J21,1.0
ALL,11b6fa0ab926,E10 -> -E12 -> E13 -> E5,E10,E5,4,1223,301.5560098119379,141.46688470973018,160.08912510220767,187.13082583810302,477.6266250619946,14.0,332.0,1632.0,1743.0,858,365,0,109,0,117,102,oversat_all_veh_002590,1851.0,108.0,1743.0,0.0,79990.0,J17;J21;J22,1.0
ALL,4130f8916f02,E18 -> E11 -> -E12 -> E13 -> E5,E18,E5,5,1097,236.67912488605288,408.93983591613494,-172.26071103008204,185.77757520510482,319.59307536226083,93.0,370.0,699.0,1676.0,980,117,34,0,69,0,31,oversat_all_veh_003112,502.0,2178.0,-1676.0,0.0,127990.0,J17;J21;J22,1.0
ALL,529f6a3ed00c,E9 -> -E12 -> E20 -> E15 -> -E0 -> E5,E9,E5,6,1223,140.11447260834015,324.12019623875716,-184.005723630417,184.005723630417,403.83397756885716,96.0,371.0,892.0,2633.0,1223,0,68,0,85,0,54,oversat_all_veh_001641,112.0,2745.0,-2633.0,0.0,79990.0,J17;J21;J22,1.0
ALL,a9fb59fe185d,-E2 -> -E13 -> -E14,-E2,-E14,3,1223,59.919869174161896,241.37367130008175,-181.45380212591988,181.45380212591988,411.5523292433683,85.0,641.0,1068.0,2751.0,1222,0,97,0,130,0,70,oversat_all_veh_001285,37.0,2788.0,-2751.0,0.0,91990.0,J21;J22,1.0
oversat_all,1a4078e69256,E14 -> E12 -> -E9,E14,-E9,3,334,90.90718562874251,271.65868263473055,-180.75149700598803,180.75149700598803,279.8639800070549,98.5,461.0,560.0,1185.0,334,0,6,0,25,0,3,oversat_all_veh_003782,91.0,1276.0,-1185.0,58000.0,67990.0,J17;J21,1.0
ALL,bb0c3598f044,-E19 -> E15 -> E4,-E19,E4,3,1097,256.55241567912486,87.6052871467639,168.94712853236098,176.9690063810392,366.80052651736804,7.0,865.0,896.0,988.0,653,437,0,169,0,197,0,oversat_all_veh_009338,1043.0,55.0,988.0,0.0,115990.0,,0.0
ALL,0fc76bc3c2fc,-E2 -> -E13 -> E20 -> E19,-E2,E19,4,1223,150.9067865903516,326.9198691741619,-176.0130825838103,176.0147179067866,397.83533041027067,91.0,557.0,1028.0,2792.0,1222,1,99,0,132,0,67,oversat_all_veh_001329,181.0,2973.0,-2792.0,0.0,91990.0,J21;J22,1.0
ALL,5706b7fad304,E10 -> -E11 -> E16 -> E19,E10,E19,4,1223,134.43254292722813,307.9877350776778,-173.55519215044973,173.556827473426,254.6336858744566,122.0,448.0,507.0,758.0,1222,1,0,0,123,0,0,oversat_all_veh_007509,107.0,865.0,-758.0,0.0,79990.0,J17,1.0
southwest_bottleneck,18927aaae3eb,E18 -> E11 -> -E9,E18,-E9,3,334,102.90718562874251,276.36526946107784,-173.45808383233532,173.45808383233532,185.59647329139526,186.0,249.0,254.0,333.0,334,0,0,0,0,0,0,southwest_bottleneck_veh_000457,74.0,407.0,-333.0,118000.0,127990.0,J17,1.0
oversat_all,18927aaae3eb,E18 -> E11 -> -E9,E18,-E9,3,334,276.4191616766467,401.122754491018,-124.70359281437126,173.40419161676647,322.00434686692915,59.0,694.0,881.0,1233.0,151,183,11,0,45,0,3,oversat_all_veh_003273,351.0,1584.0,-1233.0,58000.0,67990.0,J17,1.0
ALL,bc9c2e0fd984,E18 -> E11 -> -E12 -> -E14,E18,-E14,4,1097,206.27438468550594,369.5360072926162,-163.2616226071103,168.07474931631722,298.9288077243667,65.0,358.0,614.0,1621.0,998,97,30,0,62,0,28,oversat_all_veh_000733,201.0,1822.0,-1621.0,0.0,127990.0,J17;J21,1.0
west_bottleneck,11815a0a0294,E10 -> -E11 -> -E17,E10,-E17,3,334,90.08682634730539,252.91616766467067,-162.82934131736528,162.82934131736528,183.46285662356576,147.0,288.0,321.0,507.0,334,0,0,0,0,0,0,west_bottleneck_veh_000593,61.0,568.0,-507.0,70000.0,79990.0,J17,1.0
ALL,36e8623f4e0a,E10 -> -E11 -> E16 -> E15 -> E4,E10,E4,5,1223,172.5870809484873,313.74080130825837,-141.15372035977106,151.1373671300082,222.5187470856757,89.0,407.0,459.0,730.0,989,200,1,0,138,0,0,oversat_all_veh_003904,228.0,958.0,-730.0,0.0,79990.0,J17,1.0
ALL,8522097d81df,E17 -> E11 -> -E10,E17,-E10,3,1097,111.83773928896991,261.3564266180492,-149.5186873290793,149.71558796718324,216.06391910184385,142.0,362.0,480.0,913.0,1032,16,1,0,40,0,0,oversat_all_veh_002580,135.0,1048.0,-913.0,0.0,127990.0,J17,1.0
ALL,9ad069c9b349,E9 -> -E12 -> E13 -> E5,E9,E5,4,1223,112.82829108748977,259.3426001635323,-146.5143090760425,146.53556827473426,287.3895237275078,81.0,340.0,741.0,1900.0,1222,1,64,0,87,0,21,oversat_all_veh_001970,183.0,2083.0,-1900.0,0.0,79990.0,J17;J21;J22,1.0
west_bottleneck,d91d5067468b,E9 -> -E11 -> E16 -> E15 -> E4,E9,E4,5,334,89.94610778443113,226.7305389221557,-136.78443113772454,136.78443113772454,153.6082972434625,97.0,267.0,272.0,372.0,333,0,0,0,0,0,0,west_bottleneck_veh_001065,61.0,433.0,-372.0,70000.0,79990.0,J17,1.0
ALL,e3621f02f2a0,-E5 -> -E13 -> -E14,-E5,-E14,3,1223,91.12019623875716,224.35159443990187,-133.2313982011447,133.25756336876532,298.0173075801713,11.0,452.0,790.0,1513.0,1204,13,58,0,95,0,31,oversat_all_veh_002847,64.0,1577.0,-1513.0,0.0,103990.0,J21;J22,1.0
west_bottleneck,529f6a3ed00c,E9 -> -E12 -> E20 -> E15 -> -E0 -> E5,E9,E5,6,334,140.9011976047904,268.8832335329341,-127.98203592814372,127.98203592814372,133.90482812061697,130.0,184.0,208.0,219.0,334,0,0,0,0,0,0,west_bottleneck_veh_002323,112.0,331.0,-219.0,70000.0,79990.0,J17;J21;J22,1.0
ALL,09ec625f32b1,E9 -> -E12 -> -E14,E9,-E14,3,1223,56.82583810302535,184.32542927228127,-127.49959116925592,127.49959116925592,248.89210605780656,53.0,348.0,587.0,1701.0,1221,0,24,0,74,0,12,oversat_all_veh_001972,86.0,1787.0,-1701.0,0.0,79990.0,J17;J21,1.0
north_bottleneck,a9fb59fe185d,-E2 -> -E13 -> -E14,-E2,-E14,3,334,57.07185628742515,179.46706586826346,-122.39520958083833,122.39520958083833,126.05936725153069,122.0,153.0,158.0,226.0,334,0,0,0,0,0,0,north_bottleneck_veh_002637,28.0,254.0,-226.0,82000.0,91990.0,J21;J22,1.0
oversat_all,6ee37cdd0209,E9 -> -E11 -> -E18,E9,-E18,3,334,66.64670658682634,187.24550898203591,-120.59880239520957,120.59880239520957,136.55474215416476,99.0,188.0,196.0,281.0,334,0,0,0,0,0,0,oversat_all_veh_002055,89.0,370.0,-281.0,58000.0,67990.0,J17,1.0
north_bottleneck,0fc76bc3c2fc,-E2 -> -E13 -> E20 -> E19,-E2,E19,4,334,149.0868263473054,267.6706586826347,-118.58383233532935,118.58383233532935,122.39847314221248,122.5,155.0,159.0,168.0,334,0,0,0,0,0,0,north_bottleneck_veh_002520,120.0,288.0,-168.0,82000.0,91990.0,J21;J22,1.0
ALL,a8e523103c04,-E3 -> -E0 -> -E13 -> -E14,-E3,-E14,4,1097,140.3701002734731,257.96080218778485,-117.59070191431177,117.6472196900638,335.0342463345431,7.0,211.0,842.0,1981.0,1074,21,58,0,96,0,37,oversat_all_veh_003514,120.0,2101.0,-1981.0,0.0,115990.0,J21;J22,1.0
north_bottleneck,1acb8cba4d57,-E2 -> -E13 -> E12 -> -E11 -> -E17,-E2,-E17,5,334,150.0868263473054,267.21556886227546,-117.12874251497006,117.12874251497006,121.30918828216042,118.0,153.0,155.0,242.0,334,0,0,0,0,0,0,north_bottleneck_veh_000047,121.0,363.0,-242.0,82000.0,91990.0,J17;J21;J22,1.0
ALL,91530330da2b,-E4 -> -E0 -> -E13 -> -E14,-E4,-E14,4,1097,172.31814038286234,289.2680036463081,-116.94986326344576,116.97174111212398,287.60483879780054,6.0,367.0,678.0,1460.0,1080,7,54,0,80,0,46,oversat_all_veh_003467,149.0,1609.0,-1460.0,0.0,103990.0,J21;J22,1.0
west_bottleneck,9ad069c9b349,E9 -> -E12 -> E13 -> E5,E9,E5,4,334,101.03293413173652,217.3443113772455,-116.31137724550898,116.38922155688623,125.6874986042336,112.0,185.0,209.0,219.0,333,1,0,0,0,0,0,west_bottleneck_veh_001892,61.0,280.0,-219.0,70000.0,79990.0,J17;J21;J22,1.0
ALL,11815a0a0294,E10 -> -E11 -> -E17,E10,-E17,3,1223,89.8119378577269,198.46443172526574,-108.65249386753884,108.65249386753884,165.79221349015657,68.0,294.0,363.0,554.0,1223,0,0,0,3,0,0,oversat_all_veh_007593,93.0,647.0,-554.0,0.0,79990.0,J17,1.0
ALL,18927aaae3eb,E18 -> E11 -> -E9,E18,-E9,3,1097,160.04375569735643,253.20510483135826,-93.16134913400182,108.1330902461258,205.19849207191328,24.0,246.0,427.0,1233.0,913,184,11,0,45,0,3,oversat_all_veh_003273,351.0,1584.0,-1233.0,0.0,127990.0,J17,1.0
west_bottleneck,6ee37cdd0209,E9 -> -E11 -> -E18,E9,-E18,3,334,65.24550898203593,171.27245508982037,-106.02694610778443,106.02694610778443,120.63076488659826,94.0,181.0,186.0,357.0,334,0,0,0,0,0,0,west_bottleneck_veh_001112,39.0,396.0,-357.0,70000.0,79990.0,J17,1.0
ALL,8fec84d97ae3,-E5 -> -E13 -> E20 -> E19,-E5,E19,4,1223,202.70237121831562,305.7914963205233,-103.08912510220769,103.10547833197056,249.22935678060793,6.0,354.0,709.0,1436.0,1221,2,63,0,94,0,16,oversat_all_veh_002850,238.0,1674.0,-1436.0,0.0,103990.0,J21;J22,1.0
oversat_all,d91d5067468b,E9 -> -E11 -> E16 -> E15 -> E4,E9,E4,5,334,173.88922155688624,260.8502994011976,-86.96107784431138,92.99101796407186,122.22308307324008,91.0,196.0,282.0,371.0,317,16,0,0,0,0,0,oversat_all_veh_004390,144.0,515.0,-371.0,58000.0,67990.0,J17,1.0
west_bottleneck,09ec625f32b1,E9 -> -E12 -> -E14,E9,-E14,3,334,49.65568862275449,136.6676646706587,-87.0119760479042,87.0119760479042,95.94646711004113,85.0,145.0,148.0,152.0,334,0,0,0,0,0,0,west_bottleneck_veh_000040,26.0,178.0,-152.0,70000.0,79990.0,J17;J21,1.0
ALL,1018953d2ddc,-E3 -> -E0 -> E2,-E3,E2,3,1097,107.22151321786691,192.4831358249772,-85.2616226071103,85.41841385597083,262.6467380810441,7.0,156.0,553.0,1809.0,1096,1,31,0,65,0,22,oversat_all_veh_003553,74.0,1883.0,-1809.0,0.0,115990.0,J22,1.0
ALL,e6c16ff10116,-E4 -> -E0 -> E2,-E4,E2,3,1097,71.76207839562443,148.85870556061988,-77.09662716499544,77.09662716499544,191.88728032375045,8.0,228.0,358.0,1158.0,1097,0,22,0,33,0,16,oversat_all_veh_004248,104.0,1262.0,-1158.0,0.0,103990.0,J22,1.0
oversat_all,3f6007450fd6,E18 -> E16 -> E15 -> E4,E18,E4,4,334,166.9880239520958,92.68263473053892,74.30538922155688,74.50898203592814,74.77739419526954,75.0,78.0,78.0,91.0,2,332,0,0,0,0,0,oversat_all_veh_013647,153.0,62.0,91.0,58000.0,67990.0,,0.0
ALL,d91d5067468b,E9 -> -E11 -> E16 -> E15 -> E4,E9,E4,5,1223,127.47506132461162,183.38021259198692,-55.90515126737531,72.7391659852821,105.98052089645942,70.0,184.0,199.0,372.0,1030,166,0,0,0,0,0,west_bottleneck_veh_001065,61.0,433.0,-372.0,0.0,79990.0,J17,1.0
ALL,6ee37cdd0209,E9 -> -E11 -> -E18,E9,-E18,3,1223,62.634505314799675,130.221586263287,-67.58708094848733,67.58708094848733,96.327727426409,73.0,178.0,186.0,357.0,1223,0,0,0,0,0,0,west_bottleneck_veh_001112,39.0,396.0,-357.0,0.0,79990.0,J17,1.0
ALL,1a4078e69256,E14 -> E12 -> -E9,E14,-E9,3,1223,93.53965658217498,148.426001635323,-54.886345053148,56.783319705641865,147.75468608756208,6.0,188.0,368.0,1185.0,1209,14,6,0,25,0,3,oversat_all_veh_003782,91.0,1276.0,-1185.0,0.0,91990.0,J17;J21,1.0
west_bottleneck,11b6fa0ab926,E10 -> -E12 -> E13 -> E5,E10,E5,4,334,135.29341317365268,128.49401197604791,6.799401197604791,55.94311377245509,89.59888993645129,17.0,166.0,247.0,302.0,273,61,0,0,0,0,0,west_bottleneck_veh_000349,407.0,105.0,302.0,70000.0,79990.0,J17;J21;J22,1.0
light_all_seed1,529f6a3ed00c,E9 -> -E12 -> E20 -> E15 -> -E0 -> E5,E9,E5,6,98,138.66326530612244,176.64285714285714,-37.97959183673469,37.97959183673469,63.25103854918922,10.0,98.0,101.0,273.0,98,0,0,0,0,0,0,light_all_seed1_veh_001354,94.0,367.0,-273.0,11014.43,20973.24,J17;J21;J22,1.0
light_all_seed1,9ad069c9b349,E9 -> -E12 -> E13 -> E5,E9,E5,4,98,99.3061224489796,137.0408163265306,-37.734693877551024,37.734693877551024,64.02088307253935,11.0,95.0,174.0,263.0,98,0,0,0,0,0,0,light_all_seed1_veh_001314,115.0,378.0,-263.0,11014.43,20973.24,J17;J21;J22,1.0
heavy_all,d91d5067468b,E9 -> -E11 -> E16 -> E15 -> E4,E9,E4,5,201,140.59701492537314,109.46268656716418,31.134328358208954,35.243781094527364,50.893802220679206,6.0,83.0,84.0,85.0,92,95,0,0,0,0,0,heavy_all_veh_003119,221.0,136.0,85.0,46000.0,56000.0,J17,1.0
oversat_all,e104febbb46d,-E19 -> -E20 -> E13 -> E5,-E19,E5,4,334,78.05389221556887,109.67065868263474,-31.61676646706587,31.61676646706587,48.909362585327095,7.0,74.0,76.0,184.0,334,0,0,0,0,0,0,oversat_all_veh_013357,78.0,262.0,-184.0,58000.0,67990.0,J21;J22,1.0
heavy_all,9ad069c9b349,E9 -> -E12 -> E13 -> E5,E9,E5,4,201,93.87562189054727,125.4776119402985,-31.601990049751244,31.601990049751244,47.13703954972605,14.0,92.0,93.0,97.0,201,0,0,0,0,0,0,heavy_all_veh_003897,54.0,151.0,-97.0,46000.0,56000.0,J17;J21;J22,1.0
oversat_all,31574ce50048,E14 -> E13 -> E0 -> E4,E14,E4,4,334,127.88922155688623,156.97305389221557,-29.08383233532934,29.08383233532934,57.93300900983939,5.0,92.0,173.0,262.0,333,0,0,0,0,0,0,oversat_all_veh_005794,99.0,361.0,-262.0,58000.0,67990.0,J21;J22,1.0
light_all_seed1,209c0f416794,E17 -> E11 -> -E12 -> E13 -> E5,E17,E5,5,98,190.0,218.42857142857142,-28.428571428571427,28.428571428571427,58.67273468927767,7.0,100.0,188.0,198.0,98,0,0,0,0,0,0,light_all_seed1_veh_001271,153.0,351.0,-198.0,11014.43,20973.24,J17;J21;J22,1.0
heavy_all,529f6a3ed00c,E9 -> -E12 -> E20 -> E15 -> -E0 -> E5,E9,E5,6,201,139.47761194029852,167.7462686567164,-28.26865671641791,28.26865671641791,45.961697226498266,10.0,97.0,97.0,104.0,201,0,0,0,0,0,0,heavy_all_veh_003814,110.0,214.0,-104.0,46000.0,56000.0,J17;J21;J22,1.0
light_all_seed2,529f6a3ed00c,E9 -> -E12 -> E20 -> E15 -> -E0 -> E5,E9,E5,6,80,142.4625,169.0125,-26.55,26.55,44.49269602979797,8.0,95.0,96.0,100.0,80,0,0,0,0,0,0,light_all_seed2_veh_002420,90.0,190.0,-100.0,22312.43,31914.73,J17;J21;J22,1.0
ALL,3f6007450fd6,E18 -> E16 -> E15 -> E4,E18,E4,4,1097,120.97538742023701,95.88058340929808,25.094804010938926,26.429352780309937,42.924314898206596,5.0,76.0,77.0,165.0,121,920,0,0,0,0,0,light_all_seed2_veh_001306,309.0,144.0,165.0,0.0,127990.0,,0.0
heavy_all,cc35ab4813b4,E17 -> E16 -> E15 -> E3,E17,E3,4,201,87.09452736318408,99.56218905472637,-12.467661691542288,25.383084577114428,38.766811471177135,8.0,74.0,77.0,80.0,181,20,0,0,0,0,0,heavy_all_veh_007706,72.0,152.0,-80.0,46000.0,56000.0,,0.0
light_all_seed2,9ad069c9b349,E9 -> -E12 -> E13 -> E5,E9,E5,4,80,102.425,127.7875,-25.3625,25.3625,41.56816690690125,9.0,90.0,92.0,108.0,80,0,0,0,0,0,0,light_all_seed2_veh_000904,120.0,228.0,-108.0,22312.43,31914.73,J17;J21;J22,1.0
light_all_seed1,4130f8916f02,E18 -> E11 -> -E12 -> E13 -> E5,E18,E5,5,98,164.39795918367346,188.55102040816325,-24.153061224489797,24.153061224489797,43.79206432630441,9.0,96.0,101.0,195.0,98,0,0,0,0,0,0,light_all_seed1_veh_001021,122.0,317.0,-195.0,11014.43,20973.24,J17;J21;J22,1.0
light_all_seed2,d91d5067468b,E9 -> -E11 -> E16 -> E15 -> E4,E9,E4,5,80,130.075,121.7875,8.2875,23.4125,52.02607519311831,5.0,82.0,95.0,246.0,52,22,0,0,0,0,0,light_all_seed2_veh_001192,359.0,113.0,246.0,22312.43,31914.73,J17,1.0
light_all_seed2,209c0f416794,E17 -> E11 -> -E12 -> E13 -> E5,E17,E5,5,80,189.0375,212.2125,-23.175,23.175,45.682600626496736,7.0,95.0,103.0,185.0,80,0,0,0,0,0,0,light_all_seed2_veh_000861,187.0,372.0,-185.0,22312.43,31914.73,J17;J21;J22,1.0
light_all_seed1,09ec625f32b1,E9 -> -E12 -> -E14,E9,-E14,3,98,63.88775510204081,86.64285714285714,-22.755102040816325,22.755102040816325,46.357307945997036,8.0,90.0,98.0,190.0,96,0,0,0,0,0,0,light_all_seed1_veh_001357,34.0,224.0,-190.0,11014.43,20973.24,J17;J21,1.0
oversat_all,cfc82f1bba5a,E14 -> E13 -> E5,E14,E5,3,334,117.90718562874251,140.35029940119762,-22.44311377245509,22.44311377245509,47.1829158161106,9.0,97.0,102.0,203.0,334,0,0,0,0,0,0,oversat_all_veh_013541,89.0,292.0,-203.0,58000.0,67990.0,J21;J22,1.0
light_all_seed2,4130f8916f02,E18 -> E11 -> -E12 -> E13 -> E5,E18,E5,5,80,168.4375,190.5625,-22.125,22.175,38.94611662284187,8.0,91.0,98.0,104.0,79,1,0,0,0,0,0,light_all_seed2_veh_003112,120.0,224.0,-104.0,22312.43,31914.73,J17;J21;J22,1.0
light_all_seed2,6ee37cdd0209,E9 -> -E11 -> -E18,E9,-E18,3,80,63.1125,82.9375,-19.825,19.825,34.06280963162023,8.0,80.0,87.0,94.0,80,0,0,0,0,0,0,light_all_seed2_veh_000907,88.0,182.0,-94.0,22312.43,31914.73,J17,1.0
